"","Subtype","EBF","TCF","TNF","LMAN2","RARG","SMAD3B2","ZAP70_CpG3","ZAP70_SHORE","CLL13R.Imp","CLL15R.Imp","CLL1R.3.Imp","CLL5R.Imp","CLL6R.Imp","CLL9F.Imp","Myeloid1R.2.Imp","Myeloid4F.2.Imp","Myeloid6R.Imp","T.NK1R.Imp","T.NK4F.Imp","T.NK5F.Imp"
"U_06_459","AML",0.9463285,0.795274,0.900451,0.470359,0.3646765,0.041024667,0.710856,0.808881667,0,0,0,0,0,0,0.73,0.55,0.67,0.05,0.1,0.07
"U_07_0621","AML",0.916425,0.720656333,0.792371,0.28448125,0.151079,0.079901333,0.644057,0.778219333,0,0,0,0,0.01,0,0.51,0.49,0.4,0.05,0.1,0.08
"U_08_0907","AML",0.9521285,0.682232333,0.6191315,0.7032375,0.3119775,0.206658667,0.735089,0.780151333,0,0,0,0,0,0,0.99,0.62,0.76,0.12,0.1,0.1
"U-02-561","AML",0.9346085,0.740925,0.8434555,0.48441375,0.3150775,0.346204,0.754208,0.822446,0,0.06,0,0,0.05,0,0.24,0.52,0.21,0.19,0.13,0.09
"U-06-1005","AML",0.9310225,0.690762667,0.834752,0.202134,0.0487965,0.055514,0.717879,0.813286333,0,0,0,0,0,0,1,1,1,0.61,0.1,0.14
"U-07-0466","AML",0.9389905,0.762710667,0.828277,0.417675,0.3898295,0.089122,0.708506,0.818210333,0,0.11,0.04,0,0.05,0.03,1,1,0.92,0.28,0.34,0.36
"U-08-0589","AML",0.939417,0.737176,0.7861335,0.173718,0.30527,0.104300333,0.714473,0.767755,0,0.09,0,0.02,0.03,0.02,0.45,0.84,0.36,0.13,0.1,0.08
"U-08-0907","AML",0.935708,0.746098333,0.735087,0.6353935,0.3687615,0.3614305,0.736899,0.783928667,0,0,0,0,0,0,0.76,0.6,0.77,0,0.1,0.11
"U-09-0096","AML",0.9469995,0.7302,0.9442295,0.7266025,0.537832,0.684122667,0.79223,0.819524333,0,0,0,0,0.04,0,0.24,0.87,0.25,0.09,0.1,0.08
"U-13-1316","AML",0.9609985,0.742463333,0.8323135,0.30790375,0.199833,0.102524333,0.679959,0.813096,0,0,0,0,0,0,1,1,1,0,0.1,0.04
"89","HP",0.0487245,0.078557667,0,0.61542925,0.7981245,0.839872333,0.727746,0.743485333,0.95,0.99,1,0.95,0.95,0.95,1,1,1,0.1,0.1,0.09
"90","HP",0.1736495,0.243824333,0.059215,0.60058525,0.4031005,0.730737667,0.513877,0.766169333,0.83,0.79,0.84,0.81,0.86,0.83,1,1,1,0.18,0.1,0.15
"164","HP",0.0743695,0.155917,0.0125445,0.36375675,0.509864,0.842188333,0.769606,0.769806333,0.77,0.89,0.94,0.91,0.95,0.87,1,1,1,0.1,0.1,0.1
"471","HP",0.0545985,0.121899,0.029525,0.598016,0.56458,0.746672667,0.525305,0.657838,0.95,0.99,0.96,0.95,0.95,0.95,1,1,1,0.11,0.1,0.07
"524","HP",0.083495,0.165711,0,0.536521,0.7848245,0.813436333,0.726026,0.822764333,0.95,0.89,0.92,0.87,0.95,0.88,1,1,1,0.13,0.1,0.08
"609","HP",0.154319,0.250828333,0.080482,0.42176125,0.245427,0.613776,0.687057,0.647773333,0.78,0.85,0.86,0.8,0.95,0.84,1,1,1,0.12,0.1,0.14
"633","HP",0.2283995,0.256388333,0.145946,0.3534505,0.53783,0.676698667,0.676708,0.700983667,0.8,0.72,0.73,0.72,0.76,0.73,1,1,1,0.21,0.1,0.21
"640","HP",0.047671,0.323652667,0.0037325,0.56619425,0.74005,0.816468667,0.702943,0.638747,0.72,1,0.93,0.9,0.62,0.81,0.98,1,1,0.01,0.1,0.17
"643","HP",0.133345,0.210253,0.2637635,0.45767075,0.5401635,0.792006,0.690171,0.763365,0.95,0.86,0.89,0.83,0.95,0.84,1,1,1,0.13,0.1,0.15
"651","HP",0.0799575,0.087082667,0,0.49895025,0.5806845,0.860368333,0.662492,0.830583667,0.88,1,1,0.94,0.95,0.97,1,1,1,0.07,0.1,0.06
"657","HP",0.0751725,0.182409333,0.032786,0.4454885,0.5796345,0.813011,0.727712,0.778504667,0.82,0.89,0.93,0.86,0.95,0.9,1,1,1,0.14,0.1,0.11
"684","HP",0.115477,0.171949667,0.012162,0.688657,0.5334565,0.843904667,0.749372,0.815959667,0.69,0.91,0.96,0.95,0.95,0.9,1,1,1,0.06,0.1,0.11
"709","HP",0.098983,0.180234333,0.116981,0.4093735,0.6632855,0.753657333,0.457881,0.504278667,0.95,0.87,0.85,0.79,0.95,0.86,1,1,1,0.17,0.1,0.17
"475B","HP",0.1761735,0.228040333,0.0639775,0.43269225,0.427067,0.520021333,0.432791,0.624829,0.74,0.79,0.9,0.79,0.85,0.85,1,1,1,0.15,0.1,0.17
"493B","HP",0.166022,0.223528333,0.1128,0.420998,0.7291085,0.258793,0.509725,0.739549,0.77,0.71,0.76,0.73,0.84,0.77,1,1,1,0.12,0.1,0.15
"575B","HP",0.054367,0.119357667,0.0760915,0.54512025,0.549219,0.552665,0.499134,0.638593667,0.95,1,0.97,0.96,0.95,0.94,1,1,1,0.15,0.1,0.09
"580A","HP",0.5081035,0.268642,0.1170405,0.5893845,0.4196435,0.709055,0.686796,0.612926,0.84,0.86,0.85,0.83,0.83,0.8,0.74,1,1,0.11,0.1,0.18
"635A","HP",0.1511195,0.265765667,0.0893725,0.48077325,0.5219975,0.787563,0.559521,0.700361333,0.59,0.8,0.81,0.84,0.48,0.81,1,1,1,0.14,0.1,0.17
"CLL_220","HP",0.7499125,0.160888333,0.262818,0.5359065,0.7367265,0.922014,0.711671,0.735051667,0.95,1,0.99,0.98,0.95,0.92,1,0.66,1,0.08,0.1,0.06
"CLL_320","HP",0.568183,0.107474,0.15257,0.659428,0.674528,0.846381333,0.666272,0.711725333,0.95,1,0.96,0.83,0.95,0.94,1,1,1,0,0.1,0.04
"CLL_546","HP",0.0507665,0.176796,0.0584745,0.42874825,0.4801275,0.852988333,0.630103,0.743398667,0.95,0.86,0.91,0.9,0.95,0.88,1,1,1,0.16,0.1,0.09
"CLL_630","HP",0.113955,0.26046,0.0743135,0.39675375,0.582529,0.689912,0.687232,0.747319667,0.87,0.8,0.92,0.88,0.95,0.89,1,1,1,0.12,0.1,0.17
"CLL20","HP",0.0918755,0.185923,0,0.43149725,0.3019115,0.768357667,0.496161,0.788573667,0.95,1,1,0.99,0.95,1,1,1,1,0.09,0.1,0.03
"CLL31","HP",0.053499,0.086844333,0.2258205,0.47783825,0.827559,0.888435667,0.525849,0.721636667,0.95,1,1,0.93,0.95,1,1,1,1,0.1,0.1,0.04
"CLL35","HP",0.067023,0.036263667,0,0.378548,0.8199045,0.87131,0.353938,0.709478333,0.95,1,1,1,0.95,1,1,1,1,0.09,0.1,0.06
"CLL43","HP",0.045759,0.058831667,0.0058275,0.30832175,0.5836005,0.868437,0.735353,0.840436667,0.95,1,1,1,0.95,1,1,1,1,0.07,0.1,0.06
"CLL44","HP",0.04864,0.059812,0,0.511648,0.585355,0.877687667,0.725108,0.842611667,0.95,1,0.97,0.92,0.95,1,0.66,1,1,0.09,0.1,0.06
"CLL49","HP",0.057397,0.031366667,0,0.70029575,0.7576335,0.901386333,0.504174,0.856111333,0.95,1,1,1,0.95,0.97,1,1,1,0.01,0.1,0.05
"CLL55","HP",0.0503025,0.074730333,0.055669,0.46613975,0.704606,0.879928,0.631745,0.758111667,0.95,0.99,1,0.95,0.95,0.94,1,1,1,0.06,0.1,0.05
"CLL58","HP",0.0550265,0.073627,0.3981065,0.363898,0.3883375,0.726515333,0.680436,0.809998333,0.95,1,1,1,0.95,0.93,1,1,1,0.08,0.1,0.07
"CLL68","HP",0.0500665,0.073003333,0,0.54481575,0.663766,0.870278667,0.728859,0.729276,0.95,1,1,0.96,0.95,0.85,0.65,1,1,0.11,0.1,0.04
"GA48","HP",0.0419485,0.081332,0.077232,0.357181,0.595937,0.728690667,0.355316,0.608505,0.95,1,1,1,0.95,1,1,1,1,0.11,0.1,0.04
"KG30","HP",0.051003,0.312040667,0,0.431881,0.5047725,0.920743333,0.448419,0.635899333,0.95,0.99,1,0.99,0.95,1,0.67,1,1,0.08,0.1,0.07
"MJK0008_2002","HP",0.083146,0.191465667,0.042445,0.496153,0.6548475,0.655204333,0.64396,0.672884667,0.95,0.85,0.98,1,0.95,0.91,0.89,1,1,0.13,0.1,0.1
"OF41","HP",0.2495465,0.218119333,0,0.534048,0.7614445,0.812854667,0.754292,0.729554333,0.95,1,1,1,0.95,1,1,1,1,0.06,0.1,0.04
"P0004","HP",0.1236445,0.221947333,0.0992835,0.55108125,0.6589475,0.650686667,0.699908,0.675694333,0.95,1,0.66,0.69,0.95,0.72,0.77,1,1,0.15,0.1,0.25
"P0011","HP",0.10024,0.187943333,0.0497035,0.38653425,0.76632,0.658955333,0.546898,0.802083,0.95,1,0.97,1,0.95,0.9,0.91,1,1,0,0.1,0.13
"P0024","HP",0.140121,0.29262,0.0860295,0.47799225,0.6642705,0.727415,0.301872,0.669125,0.8,0.97,0.92,0.81,0.95,0.88,1,1,1,0.07,0.1,0.16
"P0028","HP",0.097701,0.296201333,0.04864,0.46397175,0.605902,0.475307667,0.463818,0.818216,0.86,1,1,0.96,0.95,0.87,1,1,1,0.1,0.1,0.13
"P0029","HP",0.0812885,0.173072667,0.05278,0.6890695,1,0.774152333,0.65937,0.780627667,0.95,0.75,0.88,0.75,0.95,0.72,1,1,1,0.15,0.1,0.12
"P0032","HP",0.082985,0.236918667,0.1151755,0.39594025,0.7723175,0.739597,0.784698,0.799707333,0.88,1,0.92,0.88,0.95,0.79,1,1,1,0.02,0.1,0.17
"P0038","HP",0.1302885,0.155455,0.038124,0.51771575,0.546915,0.404134667,0.707058,0.814375667,0.95,1,0.74,1,0.95,0.83,1,1,1,0.1,0.1,0.1
"P0047","HP",0.097943,0.167848,0.20627,0.35906275,0.5715135,0.679681333,0.682316,0.795989333,0.95,0.86,0.84,0.82,0.95,0.78,1,1,1,0.17,0.1,0.15
"P0050","HP",0.08527,0.186904,0.3773985,0.357473,0.5868455,0.552469333,0.381935,0.64399,0.83,0.83,0.79,0.75,0.78,0.7,1,1,1,0.18,0.1,0.18
"P0051","HP",0.13719,0.171537667,0.0135775,0.427062,0.765718,0.803937,0.663277,0.708037333,0.95,1,0.86,0.86,0.95,0.83,1,1,1,0.09,0.1,0.14
"P0054","HP",0.079069,0.284719667,0.0814645,0.4938025,0.7894995,0.728134667,0.713932,0.696045,0.82,0.8,0.85,0.81,0.95,0.68,1,1,1,0.12,0.1,0.15
"P0056","HP",0.16028,0.142641667,0.0897905,0.60151425,0.588316,0.646505333,0.643121,0.797236,0.74,0.85,0.82,0.7,0.84,0.77,0.81,1,1,0.09,0.1,0.12
"P0065","HP",0.12528,0.229055667,0.101109,0.723042,0.466609,0.6166825,0.700084,0.852825333,0.57,0.82,0.64,0.68,0.6,0.63,1,1,1,0.1,0.1,0.12
"P0071","HP",0.098947,0.218323667,0.0584955,0.63387375,0.6427855,0.734708333,0.402473,0.725406667,0.79,0.99,0.98,0.9,0.95,0.86,0.91,1,1,0.08,0.1,0.14
"P0095","HP",0.0414995,0.161221333,0.221886,0.266913,0.3851665,0.8780815,0.550791,0.835372,0.95,1,0.97,1,0.95,0.84,1,1,1,0,0.1,0.08
"P0099","HP",0.2622095,0.209719667,0.068831,0.560336,0.6870005,0.699938,0.456142,0.491612,0.95,1,0.96,0.95,0.95,0.86,1,1,1,0.11,0.1,0.23
"P0100","HP",0.1393385,0.247698667,0.250729,0.35852175,0.328279,0.455749,0.623343,0.743515,0.95,0.94,0.85,0.92,0.95,0.81,1,1,1,0,0.1,0.1
"P0107","HP",0.0585015,0.115159,0.1209855,0.4946665,0.7843185,0.92938,0.681533,0.701899333,0.95,0.94,1,1,0.95,1,1,1,1,0,0.1,0.07
"P0349","HP",0.081345,0.191158333,0.115432,0.51681175,0.691577,0.770246,0.740272,0.838546,0.95,1,0.9,0.88,0.95,0.9,0.84,1,1,0.07,0.1,0.13
"P0428","HP",0.116708,0.228800333,0.0684245,0.46739775,0.789025,0.659156667,0.73853,0.747298333,0.95,0.92,1,0.83,0.95,0.87,1,1,1,0.01,0.1,0.17
"P0430","HP",0.1367985,0.232832,0.0997795,0.5278285,0.665612,0.728735333,0.554095,0.80658,0.95,1,0.99,0.96,0.95,0.79,1,1,1,0.01,0.1,0.17
"P0437","HP",0.089477,0.267720333,0.050987,0.6182945,0.720667,0.805080667,0.533846,0.78317,0.95,1,0.86,0.95,0.95,0.82,1,0.78,1,0.1,0.1,0.12
"P0440","HP",0.436177,0.177363667,0.387955,0.4615505,0.6788355,0.699514,0.718296,0.781252333,0.63,0.74,0.98,0.75,0.95,0.76,1,1,1,0.08,0.1,0.12
"P0441","HP",0.212117,0.188116333,0.0555915,0.581942,0.288129,0.75547,0.624647,0.695145333,0.94,1,0.91,0.96,0.95,0.89,1,1,1,0.1,0.1,0.11
"P0462","HP",0.735787,0.155364333,0.0123335,0.486785333,0.2526115,0.717632667,0.719065,0.77644,0.95,0.93,0.94,0.9,0.95,0.9,1,1,1,0.1,0.1,0.12
"P0466","HP",0.491737,0.249696,0.132908,0.4510155,0.756303,0.751046,0.664185,0.712925667,0.95,0.88,0.38,0.74,0.95,0.84,1,1,1,0.2,0.1,0.15
"P0471","HP",0.132462,0.306887,0.308236,0.48546975,0.6316415,0.468652,0.707731,0.760834333,0.83,0.76,0.68,0.73,0.71,0.75,1,1,1,0.22,0.1,0.17
"P0472","HP",0.0998365,0.217710667,0.071534,0.4020565,0.7098045,0.760768333,0.568167,0.787644333,0.95,0.85,0.71,0.72,0.95,0.76,1,1,1,0.18,0.1,0.15
"P0473","HP",0.193398,0.282948,0.516885,0.431502,0.6525295,0.6789345,0.687109,0.772034333,0.95,0.91,0.8,0.98,0.53,0.88,1,1,1,0,0.1,0.14
"P0480","HP",0.1079585,0.206512667,0.5882635,0.423926,0.3971955,0.621581333,0.68541,0.668412,0.95,1,0.86,0.9,0.95,0.82,1,0.97,1,0,0.1,0.18
"P0485","HP",0.0807205,0.178017,0,0.572012,0.435797,0.767927333,0.367589,0.59111,0.95,1,0.98,0.92,0.95,0.92,1,1,1,0,0.1,0.1
"P0488","HP",0.1657805,0.205283667,0.1573915,0.5764965,0.6324765,0.764557,0.656166,0.796594667,0.87,1,1,1,0.95,0.9,1,1,1,0,0.1,0.14
"P0493","HP",0.077446,0.153982667,0.0386575,0.39562,0.6844525,0.759741,0.477842,0.789697,0.95,1,0.93,0.9,0.95,0.84,0.77,1,1,0.05,0.1,0.11
"P0528","HP",0.082395,0.142858667,0.0358045,0.38767725,0.490863,0.812577,0.324265,0.715147333,0.95,1,0.84,0.83,0.95,0.91,1,1,1,0.2,0.1,0.1
"P0559","HP",0.0564785,0.132979333,0,0.45153775,0.6673955,0.780230333,0.5716,0.803091,0.95,0.73,0.82,0.69,0.91,0.78,1,1,1,0.15,0.1,0.11
"P0600","HP",0.0958605,0.195832333,0.0727755,0.45205075,0.6415155,0.723631,0.749726,0.814016,0.82,0.97,0.91,0.89,0.95,0.8,1,1,1,0.07,0.1,0.15
"P0679","HP",0.2768545,0.201500667,0.269393,0.52672,0.5343345,0.754346,0.737377,0.827477333,0.95,0.99,0.81,0.82,0.95,0.84,1,1,1,0.12,0.1,0.13
"P0716","HP",0.073822,0.139963667,0.13162,0.42462125,0.6739335,0.829237,0.781566,0.730959333,0.8,1,0.98,0.88,0.95,0.87,1,1,1,0,0.1,0.09
"SE62","HP",0.0378495,0.075423,0.199575,0.5504945,0.545843,0.722448667,0.389768,0.696887,0.95,1,1,1,0.95,1,1,1,1,0,0.1,0.04
"0025-1207 unsorted CLL","Impure",0.8816685,0.727848,0.547858,0.40570625,0.299491,0.226011333,0.46697,0.511119,0.03,0.45,0.6,0.35,0.15,0.64,0.76,1,0.99,0.15,0.22,0.36
"0025-1333 unsorted CLL","Impure",0.89867,0.704399667,0.5790695,0.285077,0.1424475,0.13422,0.378638,0.396938667,0.18,0.32,0.4,0.2,0.25,0.37,1,0.96,0.92,0.23,0.31,0.34
"0025-1936 unsorted CLL","Impure",0.636483,0.488376667,0.503642,0.3581745,0.2745545,0.260596,0.378168,0.498887667,0.07,0.41,0.48,0.41,0.3,0.43,1,1,0.96,0.35,0.36,0.42
"0025-2216 unsorted CLL","Impure",0.9018335,0.737597333,0.346548,0.4510595,0.3952375,0.413901333,0.329194,0.329775667,0.11,0.29,0.38,0.26,0.19,0.42,1,1,1,0.37,0.49,0.49
"0488 FT","Impure",0.9263935,0.758767667,0.63905,0.4071365,0.181451,0.132765,0.430106,0.483435333,0,0,0,0,0,0,0.95,1,0.9,0.44,0.53,0.52
"0635 FT","Impure",0.9489265,0.779991,0.6607185,0.3924195,0.2031265,0.147382667,0.441713,0.479140667,0,0,0,0,0,0,0.88,1,0.77,0.3,0.49,0.49
"0672 FT","Impure",0.8324035,0.700320333,0.3867035,0.4579755,0.31247,0.284898667,0.282471,0.285982667,0,0.07,0.07,0.13,0.02,0,0.92,1,1,0.55,0.63,0.64
"0849 FT","Impure",0.899598,0.756481,0.4624005,0.40957725,0.197778,0.219579333,0.422344,0.408199,0,0,0,0,0.01,0,0.91,1,0.81,0.46,0.56,0.5
"1156 FT","Impure",0.9268935,0.764705667,0.536071,0.3715455,0.223772,0.163109667,0.503459,0.549664333,0,0,0,0,0,0,0.69,0.85,0.52,0.32,0.43,0.37
"1304 FT","Impure",0.860443,0.787973,0.5847665,0.41223075,0.525406,0.492073333,0.348782,0.307014667,0,0,0,0.14,0.01,0,0.99,1,0.98,0.72,0.76,0.68
"1304 unsort","Impure",0.88658,0.757617667,0.588904,0.41837475,0.5134945,0.433155667,0.301996,0.340956,0,0.05,0.13,0.15,0.07,0.02,1,1,1,0.63,0.74,0.64
"1335 FT","Impure",0.927594,0.791832,0.52709,0.456279,0.2336125,0.159567333,0.383769,0.442539,0,0,0,0,0.04,0,1,1,1,0.47,0.57,0.61
"1439 FT","Impure",0.908594,0.770661333,0.4924735,0.37487875,0.3005145,0.244515,0.422606,0.444851667,0,0.05,0,0.04,0,0,0.84,1,0.81,0.51,0.39,0.5
"1585 FT","Impure",0.9382035,0.773906333,0.517289,0.36107425,0.250999,0.204070667,0.475398,0.520391667,0,0.03,0,0,0,0,0.76,0.95,0.57,0.36,0.39,0.41
"1936 FT","Impure",0.914828,0.807923,0.485039,0.3988755,0.253298,0.237259,0.376918,0.373057,0,0,0.05,0,0,0,0.81,1,0.83,0.54,0.58,0.54
"2065 FT","Impure",0.9227225,0.730406667,0.6137855,0.38120125,0.245014,0.195998667,0.51124,0.570631,0,0,0,0,0.07,0,0.7,0.83,0.57,0.24,0.33,0.38
"2112 FT","Impure",0.916419,0.771499667,0.517027,0.38406425,0.241167,0.246168667,0.429148,0.447417,0,0.1,0.11,0.15,0.08,0,0.87,1,0.73,0.44,0.49,0.49
"HP 0%","Impure",0.8824435,0.687581,0.595632,0.39635825,0.222644,0.190368333,0.425908,0.467806,0,0.02,0,0,0,0,0.8,1,0.86,0.42,0.49,0.54
"IP 0%","Impure",0.85234,0.681116667,0.595583,0.4055765,0.274268,0.217369667,0.416307,0.477580333,0,0.01,0,0,0,0,0.98,1,0.95,0.41,0.51,0.51
"J Neg selected Non-CLL","Impure",0.7742655,0.695543,0.4978155,0.32587225,0.339598,0.286259,0.255755,0.160049667,0.6,0.5,0.5,0.51,0.54,0.55,1,1,1,0.41,0.34,0.51
"K Neg selected Non-CLL","Impure",0.9289705,0.754144667,0.5109595,0.302963,0.24663,0.313117,0.357899,0.345447333,0.63,0.46,0.47,0.44,0.44,0.48,0.88,1,0.92,0.36,0.29,0.36
"LP 0%","Impure",0.866946,0.655752333,0.5954795,0.3894535,0.30899,0.232873,0.409672,0.466927,0,0,0,0,0,0,1,1,1,0.42,0.58,0.54
"M Neg selected Non-CLL","Impure",0.9024655,0.71141,0.576217,0.38625725,0.29727,0.265251333,0.487735,0.529256,0,0.3,0.37,0.12,0.09,0.4,0.77,0.96,0.83,0.19,0.29,0.32
"N Neg selected Non-CLL","Impure",0.8779615,0.731426667,0.566187,0.40482,0.24432,0.223990667,0.397504,0.383953333,0,0.03,0.13,0,0,0.14,1,1,0.85,0.61,0.43,0.47
"O Neg selected Non-CLL","Impure",0.9295125,0.798001667,0.4750885,0.382459,0.3498625,0.265759333,0.360662,0.366704333,0,0.13,0,0.03,0.03,0.07,1,1,0.93,0.5,0.42,0.52
"P Neg selected Non-CLL","Impure",0.8536605,0.660443333,0.5156875,0.39264625,0.211014,0.244013,0.385183,0.443322,0,0,0.24,0.06,0.07,0.24,0,1,0.74,0,0.31,0.44
"Q Neg selected Non-CLL","Impure",0.8684705,0.768416667,0.409842,0.44979525,0.4633075,0.412648333,0.328644,0.304958667,0,0.11,0.16,0.11,0.08,0.22,1,1,1,0.53,0.49,0.59
"R Neg selected Non-CLL","Impure",0.8508115,0.763961333,0.393867,0.4453255,0.37029,0.350379667,0.397836,0.370947,0,0.2,0.36,0.12,0.04,0.39,0.98,1,1,0.38,0.5,0.52
"S Neg selected Non-CLL","Impure",0.656767,0.504015333,0.440849,0.36870075,0.3074755,0.325605333,0.316655,0.266409,0.25,0.42,0.32,0.29,0.29,0.33,1,1,1,0.47,0.41,0.52
"162","IP",0.0617395,0.457629667,0.2150105,0.32350325,0.256095,0.052256667,0.433077,0.386066333,0.95,0.98,1,1,0.95,0.95,0.51,1,1,0.04,0.1,0.08
"365","IP",0.093579,0.205021333,0.499993,0.12958575,0.0392365,0.046365333,0.257819,0.443998333,0.95,0.82,0.91,0.89,0.95,0.88,1,1,1,0.09,0.1,0.09
"613","IP",0.07771,0.096694667,0.6222945,0.18399525,0.0490085,0.061293,0.304737,0.13597,0.95,0.98,0.94,0.97,0.95,0.85,1,0.39,1,0.08,0.1,0.06
"705","IP",0.124174,0.221843667,0.6519505,0.3085335,0.248807,0.196667,0.44639,0.773048,0.95,0.98,1,0.95,0.95,0.94,1,1,1,0.03,0.1,0.09
"280B","IP",0.1748315,0.280047,0.1755865,0.18093775,0.2308885,0.177415333,0.31998,0.454563,0.95,0.83,0.8,0.81,0.95,0.8,1,1,1,0.21,0.1,0.17
"482A","IP",0.147086,0.195471,0.383191,0.213657,0.0969435,0.376316,0.437441,0.585237333,0.68,0.77,0.83,0.76,0.82,0.83,1,0.9,1,0.16,0.1,0.2
"573A","IP",0.146424,0.218609,0.1642995,0.282904,0.1155025,0.37445,0.421505,0.601447,0.8,0.74,0.84,0.79,0.69,0.78,0.9,1,1,0.21,0.1,0.2
"604A","IP",0,0.175109,0.205728,0.245904,0.267634,0.1802355,0.388444,0.722965,0.95,0.94,0.94,0.97,0.95,0.86,1,1,1,0.08,0.1,0.11
"631A","IP",0.0614505,0.215311,0,0.243555667,0.3832075,0.08861,0.31428,0.611447,0.95,0.96,1,1,0.95,0.91,1,1,1,0,0.1,0.09
"664A","IP",0.0375795,0.186292,0.2224135,0.34451125,0.2967135,0.060770333,0.562175,0.706615,0.95,1,0.77,0.87,0.69,0.86,1,1,0.93,0,0.1,0.12
"CLL_398","IP",0.0595265,0.138726,0.9297585,0.28736,0.15068,0.082814333,0.518896,0.463489667,0.95,0.88,0.95,0.64,0.95,0.88,1,1,1,0.1,0.1,0.09
"CLL23","IP",0.050814,0.100784333,0.753598,0.23616975,0.037032,0.029327,0.278607,0.834135333,0.77,1,1,0.92,0.95,1,1,1,1,0,0.1,0.05
"CLL39","IP",0.04307,0.074283667,0,0.15847475,0.287481,0.069860667,0.444528,0.744312,0.95,0.74,0.97,1,0.95,0.26,0.95,1,1,0.02,0.1,0
"CLL40","IP",0.1665295,0.064432667,0.209727,0.142008,0.295665,0.250382333,0.235694,0.645515,0.95,1,1,0.98,0.95,1,1,1,1,0.1,0.1,0.04
"CLL46","IP",0.03694,0.056361667,0.2131015,0.20834075,0.024361,0.035940667,0.258999,0.379650333,0.95,0.85,1,1,0.95,0.95,1,1,1,0.05,0.1,0.07
"CLL64","IP",0.0424895,0.056976667,0.464052,0.298997,0.0478725,0.055954667,0.275328,0.201858333,0.95,1,1,1,0.95,0.97,1,1,1,0.04,0.1,0.04
"CLL71","IP",0.195717,0.265258,0,0.1716815,0.333666,0.346053,0.243115,0.094279333,0.95,1,1,1,0.95,1,1,1,1,0,0.1,0.02
"EWILL","IP",0.073203,0.401072667,0.560594,0.08723025,0.0207155,0.047891667,0.244082,0.246819,0.95,1,1,1,0.95,1,1,1,1,0.12,0.1,0.07
"GL34","IP",0.037625,0.081383667,0,0.183323,0.040169,0.071105667,0.418911,0.204007,0.95,0.93,1,0.95,0.95,1,1,1,1,0.12,0.1,0.05
"ibCLL-PRE3","IP",0.439241,0.055887,0.00119,0.08767325,0.0969535,0.194283,0.317225,0.816748667,0.95,0.92,1,0.98,0.95,0,1,1,1,0.1,0.1,0.03
"KRR0059_2002","IP",0.0678905,0.386231,0.2992725,0.2270225,0.0565,0.060957333,0.332526,0.720811,0.95,1,1,0.93,0.95,0.98,1,1,1,0.07,0.1,0.05
"KRR0077 (Heidelberg p3)","IP",0.0914345,0.209559333,0.089656,0.10110775,0.153925,0.066207,0.178717,0.356531,0.95,0.76,0.89,0.84,0.95,0.84,0.84,1,1,0.12,0.1,0.14
"P0026","IP",0.10079,0.237318,0.184178,0.21622825,0,0.092608,0.362077,0.230922667,0.83,0.98,0.88,0.9,0.95,0.89,0.73,1,1,0.11,0.1,0.11
"P0042","IP",0.0857105,0.134443667,0.2289535,0.174108,0,0.058383667,0.370022,0.584680667,0.95,1,0.8,0.8,0.95,0.81,1,1,1,0.13,0.1,0.13
"P0045","IP",0.1248725,0.151715,0.4395,0.232781,0.1745975,0.181115667,0.293844,0.514352333,0.95,0.88,0.89,0.9,0.95,0.81,1,1,1,0.15,0.1,0.12
"P0053","IP",0.131944,0.224353333,0.482291,0.24133125,0.0723865,0.082485,0.45061,0.626156667,0.75,0.82,0.62,0.68,0.95,0.81,0.96,1,1,0.17,0.1,0.2
"P0069","IP",0.1102005,0.318482667,0.0657155,0.2368305,0.021426,0.08036,0.497946,0.486868,0.84,0.93,0.95,0.98,0.95,0.94,1,1,1,0.11,0.1,0.12
"P0074","IP",0.1042985,0.099275,0.1334435,0.21214475,0,0.080713,0.436502,0.755499,0.95,1,1,0.9,0.95,0.95,1,1,1,0.08,0.1,0.05
"P0078","IP",0.0784425,0.127164667,0.8133415,0.313956,0.2568535,0.0873985,0.559504,0.736443,0.8,0.72,0.87,0.89,0.95,0.82,1,1,1,0.01,0.1,0.16
"P0352","IP",0.122205,0.360032667,0.2256105,0.27434325,0.1529385,0.0899505,0.430808,0.553901667,0.73,1,0.99,0.91,0.56,0.72,1,1,1,0.09,0.1,0.14
"P0445","IP",0.0885085,0.189245333,0.120735,0.19022375,0.0526375,0.061696667,0.364593,0.374243667,0.95,1,0.71,0.81,0.95,0.74,1,1,1,0,0.1,0.23
"P0494","IP",0.0295245,0.057449667,0.759766,0.176202,0.3627755,0.082175,0.688374,0.806323,0.95,1,1,0.98,0.95,0.93,1,1,1,0.07,0.1,0.05
"P0504","IP",0.0665395,0.146643667,0.287228,0.256188,0.2717685,0.063727333,0.337555,0.678594333,0.95,1,1,1,0.95,0.88,1,1,1,0.07,0.1,0.09
"P0518","IP",0.098203,0.228771667,0.1985155,0.51608425,0.036497,0.479683667,0.485643,0.683641333,0.95,1,0.91,1,0.95,0.82,0.9,1,1,0.01,0.1,0.14
"P0620","IP",0.136792,0.356592667,0.0839385,0.18598775,0.0594205,0.215284,0.359694,0.246864667,0.95,0.94,0.95,0.97,0.95,0.86,0.69,1,1,0.08,0.1,0.14
"P0687","IP",0.0831275,0.414297667,0.4378675,0.2609155,0.321015,0.0573885,0.346076,0.334445333,0.95,1,1,1,0.95,0.9,1,1,1,0,0.1,0.08
"P0723","IP",0.193297,0.293492333,0.408216,0.316049,0.077549,0.080550333,0.447013,0.773067,0.82,0.89,0.85,0.83,0.95,0.83,0.98,1,1,0.23,0.1,0.14
"SA29","IP",0.0478895,0.099298667,0.746711,0.36707125,0.046541,0.031518667,0.529806,0.561818667,0.95,1,1,1,0.68,1,0.89,1,1,0.05,0.1,0.03
"TJK0597 (Heidelberg p3)","IP",0.1352785,0.199157333,0.4673255,0.192974,0.099109,0.089160333,0.485755,0.683309667,0.83,0.82,0.93,0.87,0.95,0.84,0.72,1,1,0.05,0.1,0.15
"628","LP",0.5819125,0.602568333,0.8060615,0.410205,0.1011105,0.039782,0.396748,0.582265333,0.95,0.9,0.96,0.87,0.95,0.9,1,1,1,0.03,0.1,0.12
"2O_CLL016","LP",0.755129,0.699552333,0.0890915,0.25497225,0.294911,0.074084667,0.410037,0.757795,0.95,1,1,1,0.95,1,1,1,1,0.01,0.1,0
"2O_CLL048","LP",0.909189,0.523051333,0.871385,0.278485,0.1384965,0.216965667,0.427551,0.358337667,0.95,1,0.95,0.91,0.95,0.79,1,0.57,1,0.07,0.1,0.08
"2O_CLL051","LP",0.6852915,0.701773333,0.830375,0.20609925,0.0528925,0.061789,0.402544,0.373872,0.95,1,1,1,0.95,1,0.44,1,1,0.03,0.1,0.06
"2O_CLL057","LP",0.9690325,0.653859333,0.974877,0.27899175,0.3923055,0.066980667,0.4423,0.522841667,0.95,1,1,1,0.95,1,0.65,0.6,1,0.07,0.1,0.06
"2O_CLL066","LP",0.95708,0.668674667,0.8748085,0.215008,0.0435535,0.055336333,0.39141,0.275249667,0.95,1,0.99,1,0.95,1,1,0.86,1,0.05,0.1,0.05
"2O_CLL073","LP",0.7673245,0.505958667,0.936746,0.26002125,0.2875115,0.124126667,0.435931,0.487904,0.95,1,1,1,0.95,0.92,0.94,1,1,0.11,0.1,0.05
"2O_CLL110up","LP",0.8274525,0.537444333,0.832497,0.27099975,0.0635475,0.061283,0.4022,0.231803667,0.95,1,1,1,0.95,1,0.69,1,1,0.06,0.1,0.05
"BG40","LP",0.946855,0.713919333,0.793448,0.20295075,0.058954,0.056746,0.38489,0.44362,0.95,1,1,1,0.95,0.98,1,1,1,0.04,0.1,0.04
"BRANS","LP",0.5255955,0.117063333,0.866581,0.10005475,0.036909,0.061903333,0.262661,0.265778667,0.95,0.91,1,0.96,0.95,0.94,0.99,1,1,0.08,0.1,0.08
"CH65","LP",0.789538,0.571678,0.8732075,0.350422667,0.053496,0.065494,0.493352,0.294003667,0.95,1,1,1,0.95,1,1,1,1,0.08,0.1,0.02
"CLL088","LP",0.7349395,0.606969667,0.9162905,0.29450875,0.09993,0.061671333,0.421785,0.262857667,0.95,1,1,1,0.95,0.97,1,0.78,1,0.02,0.1,0.03
"CLL259up","LP",0.9237015,0.688298667,0.825905,0.176304,0.0378625,0.07085,0.349239,0.336060333,0.95,1,1,1,0.95,0.94,1,0.93,1,0.1,0.1,0.02
"CLL318up","LP",0.925873,0.460874333,0.698895,0.268167,0.103567,0.040964667,0.461664,0.660953667,0.95,1,1,1,0.95,0.96,1,0.46,1,0.08,0.1,0.06
"CLL333up","LP",0.7633765,0.713694333,0.864419,0.32207925,0.1066985,0.044353667,0.345573,0.319151333,0.95,1,1,1,0.95,0.93,1,0.89,1,0.1,0.1,0.03
"CLL51","LP",0.813136,0.745174333,0.9248305,0.21808925,0.20211,0.060064,0.220362,0.19341,0.95,1,1,1,0.95,1,1,1,1,0.07,0.1,0.05
"CLL54","LP",0.8971885,0.710891,0.6902295,0.12687675,0.032597,0.060225333,0.222892,0.121142333,0.95,1,1,1,0.95,1,1,1,1,0.06,0.1,0.06
"CLL57","LP",0.9244025,0.635327333,0.9466995,0.08324875,0.016601,0.040774667,0.201034,0.211504333,0.95,1,1,1,0.95,0.92,1,1,1,0.1,0.1,0.06
"CLL60","LP",0.75934,0.792387333,0.95819,0.152875,0.025336,0.070864,0.245117,0.324605667,0.95,1,1,0.96,0.95,1,1,1,1,0.07,0.1,0.05
"CLL66","LP",0.942295,0.531455333,0.9605875,0.142127667,0.0421715,0.054153,0.201554,0.192492333,0.95,1,1,1,0.95,1,1,1,1,0.07,0.1,0.03
"CLL72","LP",0.9136955,0.571702,0.9285545,0.11638325,0.0397045,0.043984667,0.226304,0.065867,0.95,1,1,1,0.95,0.97,0.92,1,1,0.1,0.1,0.04
"ibCLL-PRE1","LP",0.9106895,0.644410667,0.8699805,0.11119125,0.2178315,0.035454333,0.248682,0.089093667,0.95,1,1,1,0.95,1,1,0.6,1,0,0.1,0.04
"ibCLL-PRE2","LP",0.946002,0.766681667,0.606838,0.10872675,0.017807,0.054441,0.211963,0.444906,0.95,1,1,0.97,0.95,1,0.86,1,1,0.1,0.1,0.05
"ibCLL-PRE4","LP",0.950468,0.777121667,0.9498825,0.08243875,0.025549,0.048070667,0.216547,0.136687333,0.95,1,1,1,0.95,1,1,1,1,0.06,0.1,0.05
"ibCLL-PRE5","LP",0.7834425,0.649857333,0.843057,0.147904,0.0202805,0.212089,0.305003,0.157811,0.95,1,1,1,0.95,1,0.75,1,1,0.1,0.1,0.05
"ibCLL-PRE6","LP",0.520687,0.599627333,0.437273,0.19535775,0.205794,0.021824333,0.316551,0.107193,0.95,1,1,0.98,0.95,1,0.93,1,1,0.06,0.1,0.04
"ibCLL-PRE7","LP",0.9553265,0.670779333,0.93679,0.118525,0.0205705,0.132520333,0.283908,0.151089333,0.95,1,1,1,0.95,1,1,0.88,1,0.03,0.1,0.03
"ibCLL-PRE8","LP",0.943003,0.741725333,0.718792,0.15126075,0.019422,0.187348,0.315574,0.143963667,0.95,1,1,1,0.95,1,1,1,1,0.07,0.1,0.04
"JCB0251_2006","LP",0.8576725,0.704104,0.91209,0.11661475,0.247885,0.056842,0.272859,0.583872667,0.95,1,0.98,0.98,0.95,1,0.67,1,1,0.1,0.1,0.05
"JCB0641_2009","LP",0.941848,0.576367667,0.8284735,0.1846395,0.036035,0.190969667,0.211708,0.216839667,0.95,0.9,1,0.9,0.95,0.93,1,1,1,0.13,0.1,0.07
"KH55","LP",0.7142495,0.696630333,0.7028255,0.3329695,0.1108135,0.051732667,0.541589,0.489812333,0.95,1,1,0.94,0.95,1,1,1,0.71,0.01,0.1,0.05
"KRR0017 (Heidelberg p3)","LP",0.9492225,0.598587667,0.937315,0.08822725,0.0336495,0.0746855,0.245334,0.171079,0.95,0.82,0.88,0.83,0.95,0.86,1,1,1,0.08,0.1,0.07
"KRR0473 (Heidelberg p3)","LP",0.956279,0.684691,0.818688,0.1236695,0.0227665,0.0817175,0.29092,0.420347667,0.86,0.74,0.88,0.84,0.95,0.86,1,1,1,0.01,0.04,0.08
"LO24","LP",0.755255,0.694572333,0.7225835,0.21275525,0.057345,0.083019333,0.290377,0.166378667,0.95,0.94,0.94,0.9,0.95,0.88,1,1,1,0.15,0.1,0.14
"LSTAR","LP",0.897877,0.669819333,0.763759,0.24257975,0.153203,0.279022333,0.291128,0.126050333,0.95,0.88,0.9,0.93,0.95,0.88,0.93,1,1,0.16,0.1,0.12
"MJK0058 (Heidelberg p3)","LP",0.9573405,0.760296,0.8160845,0.19724,0.060239,0.167515,0.339221,0.221527,0.83,0.69,0.8,0.74,0.77,0.73,0.97,1,1,0.14,0.1,0.15
"MJK0163 (Heidelberg p3)","LP",0.951369,0.741019667,0.7266935,0.14334575,0.3730895,0.072708333,0.249675,0.483798,0.95,0.95,1,0.93,0.95,0.9,1,1,1,0.08,0.1,0.09
"MJK0179 (Heidelberg p3)","LP",0.762798,0.690880333,0.4968505,0.233717667,0.1396485,0.26574,0.422836,0.409036,0.95,0.65,0.73,0.73,0.82,0.73,0.67,1,1,0.27,0.1,0.24
"MJK0359 (Heidelberg p3)","LP",0.87626,0.757832,0.884087,0.154104333,0.0336655,0.0971065,0.208393,0.181318,0.95,0.67,0.8,0.73,0.95,0.8,1,1,0.99,0.22,0.1,0.18
"MJK0409 (Heidelberg p3)","LP",0.730342,0.785615333,0.6774425,0.1166365,0.0206215,0.068414,0.171615,0.193368,0.95,0.73,0.83,0.77,0.95,0.82,1,1,1,0.18,0.1,0.14
"MJK0841 (Heidelberg p3)","LP",0.9158565,0.688285,0.781839,0.173981,0.153482,0.073014,0.221714,0.427575333,0.95,0.71,0.94,0.88,0.95,0.91,1,0.51,1,0.13,0.1,0.19
"MWARR","LP",0.9188965,0.631710333,0.664056,0.1598835,0.064668,0.104875667,0.296195,0.696426333,0.95,0.94,0.97,0.93,0.95,0.91,1,1,1,0.12,0.1,0.08
"P0006","LP",0.838422,0.708065333,0.8674655,0.18966575,0.1551145,0.091703333,0.371107,0.522170667,0.95,1,0.88,0.95,0.95,0.87,1,1,1,0.08,0.1,0.11
"P0010","LP",0.7411355,0.441465667,0.4290325,0.339114,0.304127,0.264640667,0.463046,0.480212667,0.84,0.82,0.72,0.65,0.88,0.77,1,1,1,0.21,0.1,0.16
"P0012","LP",0.917913,0.718501333,0.855811,0.2346655,0.011639,0.093018667,0.342988,0.123878,0.95,1,1,1,0.95,0.95,1,1,1,0.05,0.1,0.06
"P0031","LP",0.855739,0.713777,0.8653185,0.29959775,0.1986515,0.059269333,0.374975,0.299414667,0.95,0.95,0.86,0.87,0.95,0.85,1,1,1,0.05,0.1,0.11
"P0036","LP",0.9417255,0.520497,0.875061,0.17198025,0.226527,0.048848,0.342614,0.303379,0.95,1,1,1,0.95,0.95,1,1,1,0.07,0.1,0.08
"P0070","LP",0.747982,0.375837667,0.8405145,0.227337,0.036668,0.086093,0.428377,0.329915,0.95,0.88,0.8,0.76,0.95,0.87,1,1,0.97,0.17,0.1,0.14
"P0072","LP",0.9706825,0.648594667,0.717892,0.20517725,0.094566,0.156424667,0.263249,0.16019,0.95,0.8,0.88,0.91,0.92,0.84,1,1,1,0.15,0.1,0.16
"P0087","LP",0.7833465,0.061682667,0.851741,0.184259333,0.1586605,0.050681,0.347285,0.676165,0.95,1,1,1,0.95,0.96,0.32,0.41,1,0.06,0.1,0.04
"P0314","LP",0.9360215,0.717986667,0.759611,0.30725575,0.142903,0.068823,0.406414,0.341389,0.46,1,0.86,0.73,0.95,0.77,0.94,1,1,0.06,0.1,0.25
"P0315","LP",0.9631695,0.643411,0.745835,0.2843095,0.096603,0.224799333,0.442662,0.396116333,0.95,1,0.93,0.88,0.95,0.83,1,1,1,0.11,0.1,0.21
"P0347","LP",1,0.552057667,0.9305315,0.34703425,0.214313,0.290926333,0.390976,0.28187,0.95,0.92,0.86,0.88,0.95,0.84,1,1,1,0,0.1,0.18
"P0356","LP",0.7433485,0.691955333,0.7361365,0.20640475,0.048912,0.068585667,0.288589,0.207134333,0.95,0.9,0.97,0.87,0.95,0.91,1,0.6,1,0.12,0.1,0.16
"P0360","LP",0.5980215,0.559769333,0.877158,0.18941325,0.466477,0.040384667,0.325055,0.381339667,0.95,1,1,1,0.95,1,1,0.97,1,0.08,0.1,0.06
"P0362","LP",0.584783,0.733588667,0.777179,0.17428275,0.293679,0.100439333,0.312935,0.417961,0.95,1,0.9,0.85,0.95,0.86,1,1,1,0.04,0.1,0.09
"P0367","LP",0.5875635,0.556115667,0.853054,0.19012275,0.2217505,0.058421333,0.357842,0.517367667,0.95,0.93,0.75,0.8,0.95,0.81,0.8,1,1,0.14,0.1,0.12
"P0369","LP",0.9725275,0.741644667,0.8905895,0.21469225,0,0.055326667,0.385404,0.285447,0.95,1,0.95,0.88,0.95,0.91,1,1,1,0.16,0.1,0.09
"P0427","LP",0.9543895,0.721600667,0.627605,0.354972,0.189601,0.1667315,0.441228,0.645313,0.45,0.63,0.68,0.58,0.52,0.69,1,1,1,0.24,0.22,0.25
"P0432","LP",0.942596,0.721467333,0.6908245,0.2655155,0.1806765,0.121440667,0.377381,0.2016,0.95,0.85,0.81,0.77,0.95,0.82,1,1,1,0.18,0.1,0.18
"P0433","LP",0.9738165,0.772249333,0.8758875,0.187515,0.142307,0.050071667,0.372067,0.452577,0.95,0.95,0.85,0.9,0.95,0.87,1,1,1,0.15,0.1,0.07
"P0460","LP",0.791711,0.714369,0.765404,0.260529,0.3381265,0.18085,0.41704,0.328815667,0.71,0.82,0.83,0.8,0.8,0.79,1,1,1,0.1,0.11,0.2
"P0467","LP",0.9309605,0.565179,0.6005545,0.287045,0.097084,0.111264,0.41073,0.328166667,0.77,0.76,0.75,0.66,0.79,0.71,1,1,1,0.21,0.1,0.2
"P0478","LP",0.799714,0.746385,0.6988105,0.30947625,0.2246275,0.082941333,0.309234,0.530406,0.95,0.97,0.75,0.8,0.95,0.86,1,1,1,0.18,0.1,0.15
"P0484","LP",0.6470045,0.357174667,0.877638,0.196025,0.0463565,0.198670333,0.341927,0.242491667,0.95,0.98,0.92,0.81,0.95,0.82,1,1,1,0.17,0.1,0.13
"P0487","LP",0.883547,0.633422,0.6318265,0.26094975,0.024745,0.122219,0.414619,0.564523,0.95,1,0.88,0.9,0.95,0.83,1,0.72,1,0.1,0.1,0.17
"P0491","LP",0.77154,0.638002333,0.7773365,0.23891275,0.29934,0.078301,0.352538,0.231397333,0.86,0.99,1,0.99,0.95,0.82,0.98,1,1,0,0.1,0.17
"P0503","LP",0.7605685,0.697950333,0.8568335,0.17604775,0.066186,0.168813333,0.353121,0.296577,0.95,0.98,0.89,0.85,0.95,0.85,1,1,1,0.13,0.1,0.12
"P0526","LP",0.9222325,0.53821,0.704258,0.18016625,0.253504,0.088934333,0.502138,0.660284667,0.69,0.76,0.8,0.72,0.87,0.79,1,1,1,0.2,0.15,0.19
"P0581","LP",0.8193825,0.610365667,0.8307125,0.475469,0.529543,0.777758,0.3468,0.204762667,0.83,0.7,0.85,0.84,0.95,0.85,1,1,1,0.08,0.1,0.12
"P0603","LP",1,0.51711,0.867172,0.324156,0.065803,0.074402,0.392403,0.398517667,0.85,0.83,0.82,0.83,0.95,0.78,1,1,1,0.16,0.1,0.15
"P0604","LP",1,0.732865333,0.872897,0.308744,0.1952845,0.069759333,0.416312,0.531295333,0.95,1,0.91,0.81,0.95,0.79,1,1,1,0.1,0.1,0.11
"P0607","LP",0.950136,0.767406667,0.765743,0.18703925,0.036927,0.103992333,0.29415,0.178756333,0.95,1,0.79,0.81,0.95,0.78,0.89,0.71,1,0.2,0.1,0.19
"P0618","LP",0.945614,0.696726333,0.579937,0.233636,0.102562,0.169032667,0.193303,0.103637667,0.74,0.8,0.79,0.75,0.87,0.78,1,1,1,0.23,0.16,0.32
"P0641","LP",0.537917,0.716597,0.7720375,0.30692275,0.341649,0.073327,0.365147,0.224567,0.95,0.97,0.86,0.87,0.95,0.86,0.83,1,1,0.08,0.1,0.1
"P0701","LP",0.9651085,0.62173,0.856029,0.23108225,0.3394775,0.057538333,0.378535,0.282513,0.95,1,0.97,0.95,0.95,0.86,1,1,1,0,0.1,0.12
"P0706","LP",0.77278,0.720888,0.9324965,0.099313,0.024922,0.213408,0.194097,0.090437333,0.95,1,0.87,0.85,0.95,0.91,1,1,1,0.2,0.1,0.13
"P0711","LP",0.7913845,0.652724667,0.890612,0.119754,0.0246725,0.227951,0.209659,0.083247667,0.95,0.91,0.89,0.84,0.95,0.88,1,1,1,0.12,0.1,0.14
"P0720","LP",0.7696145,0.540329667,0.7405185,0.163597,0.1169125,0.155688667,0.272331,0.235768,0.95,0.78,0.83,0.77,0.95,0.75,1,0.67,1,0.19,0.1,0.14
"PI52","LP",0.699524,0.360263333,0.870109,0.15562925,0.0307095,0.051684333,0.286134,0.375494333,0.95,1,1,0.99,0.95,0.98,1,0.78,1,0.1,0.1,0.05
"PW28","LP",0.57262,0.499704,0.8284305,0.202312,0.0446305,0.087424,0.302051,0.319000667,0.95,1,1,1,0.95,1,1,0.3,1,0.09,0.1,0.02
"RCARR","LP",0.922757,0.437450333,0.8966285,0.13082575,0.0450415,0.245048667,0.272306,0.457170667,0.95,1,1,1,0.95,0.97,1,1,1,0.1,0.1,0.06
"S22","LP",1,0.534591667,0.892843,0.162123667,0.069493,0.435526,0.256872,0.114644,0.95,0.86,0.91,0.87,0.95,0.86,1,1,1,0.17,0.1,0.18
"S36","LP",0.7109755,0.584485,0.8390075,0.20572175,0.23933,0.154009333,0.213737,0.323176,0.95,0.77,0.9,0.87,0.95,0.83,1,1,1,0.17,0.1,0.18
"S51","LP",0.9672715,0.580002,0.8425765,0.13615275,0.0770295,0.104801333,0.18841,0.080263,0.95,1,1,0.96,0.95,0.96,1,1,1,0.1,0.1,0.08
"S64","LP",0.9397535,0.703439333,0.947108,0.15470175,0.3545675,0.168403667,0.265272,0.088098,0.95,1,1,1,0.95,1,1,1,1,0.01,0.1,0.05
"S82","LP",0.9305305,0.624314333,0.3826735,0.24286975,0.4693375,0.077663667,0.244077,0.208908667,0.95,0.78,0.91,0.94,0.95,0.87,1,1,1,0.12,0.1,0.18
"TJK0080 (Heidelberg p3)","LP",0.616861,0.578684333,0.6669845,0.22903675,0.0259045,0.062322,0.288928,0.119126,0.95,0.93,1,0.95,0.95,0.95,0.74,1,1,0.08,0.1,0.1
"WBALD","LP",0.8034375,0.714299333,0.898778,0.161301,0.026981,0.181346333,0.293739,0.227033667,0.95,1,0.71,1,0.95,1,1,0.62,1,0.07,0.1,0.05
"100530038","NON-CLL MBN",0.404718,0.17452,0.30002,0.774061333,0.8646275,0.692149667,0.525651,0.676127667,0.09,0.27,0,0,0.19,0,1,1,1,0,0.1,0.35
"P0008","NON-CLL MBN",0.124055,0.2356,0.0656325,0.26840825,0.169358,0.182991,0.609622,0.809501,0.69,0.89,0.64,0.85,0.26,0.59,1,1,1,0.04,0.1,0.12
"P0034","NON-CLL MBN",0.076608,0.108181667,0,0.5800295,0.7229315,0.843656333,0.731727,0.785995,0.02,0,0,0.18,0.13,0,1,1,1,0.1,0.1,0.07
"P0350","NON-CLL MBN",0.058407,0.198751667,0.116473,0.6734025,0.784998,0.846039667,0.726877,0.760023333,0.3,0.47,0.01,0.53,0.69,0.41,1,1,1,0.25,0.1,0.26
"P0361","NON-CLL MBN",0.0417745,0.065582,0.0095485,0.622872,0.8685655,0.853405667,0.716064,0.830127667,0.79,0.05,0.32,1,0.5,0,1,1,1,0,0.1,0.03
"P0468","NON-CLL MBN",0.3283135,0.253077,0.4346965,0.277753,0.325227,0.422789667,0.5683,0.720386333,0.55,0.52,0.1,0.51,0.32,0,1,1,1,0.17,0.1,0.22
"P0535","NON-CLL MBN",0.090327,0.183888333,0.0482995,0.398324,0.716222,0.801589333,0.731602,0.772317,0,0,0.16,0.41,0.07,0,1,1,1,0.11,0.1,0.08
"P0596","NON-CLL MBN",0.154929,0.233455333,0.115117,0.2971285,0.2018325,0.471621667,0.543158,0.739320667,0.19,0.21,0.76,0.75,0.23,0,1,1,1,0.17,0.1,0.13
"P0597","NON-CLL MBN",0.0990585,0.175661333,0.037715,0.19834775,0.2942075,0.341588,0.382358,0.774636667,0.05,0.08,0.6,0.78,0.2,0.25,1,1,1,0.15,0.1,0.11
